{
	"info": {
		"_postman_id": "4310f0ef-5c49-44bd-8fa3-9c9b1c3a78a5",
		"name": "Capitulo6_EjemploSeguro",
		"schema": "https://schema.getpostman.com/json/collection/v2.1.0/collection.json",
		"_exporter_id": "9015145"
	},
	"item": [
		{
			"name": "Registrar Usuario Seguro",
			"request": {
				"method": "POST",
				"header": [
					{
						"key": "Content-Type",
						"value": "application/json"
					}
				],
				"body": {
					"mode": "raw",
					"raw": "{\n  \"nombre\": \"usuario1\",\n  \"hashPassword\": \"MiPasswordFuerte123!\"\n}"
				},
				"url": {
					"raw": "http://localhost:5000/usuario-seguro/registrar",
					"protocol": "http",
					"host": [
						"localhost"
					],
					"port": "5000",
					"path": [
						"usuario-seguro",
						"registrar"
					]
				}
			},
			"response": []
		},
		{
			"name": "Verificar Password",
			"request": {
				"method": "POST",
				"header": [
					{
						"key": "Content-Type",
						"value": "application/json"
					}
				],
				"body": {
					"mode": "raw",
					"raw": "{\n  \"nombre\": \"usuario1\",\n  \"hashPassword\": \"MiPasswordFuerte123!\"\n}"
				},
				"url": {
					"raw": "http://localhost:5000/usuario-seguro/verificar",
					"protocol": "http",
					"host": [
						"localhost"
					],
					"port": "5000",
					"path": [
						"usuario-seguro",
						"verificar"
					]
				}
			},
			"response": []
		},
		{
			"name": "Obtener Dato Cifrado",
			"request": {
				"method": "GET",
				"header": [],
				"url": {
					"raw": "http://localhost:5000/usuario-seguro/dato-cifrado",
					"protocol": "http",
					"host": [
						"localhost"
					],
					"port": "5000",
					"path": [
						"usuario-seguro",
						"dato-cifrado"
					]
				}
			},
			"response": []
		},
		{
			"name": "Descifrar Dato",
			"request": {
				"method": "POST",
				"header": [
					{
						"key": "Content-Type",
						"value": "application/json"
					}
				],
				"body": {
					"mode": "raw",
					"raw": "{\n  \"Base64\": \"OfgTWaZxUy1TW+ylHVRxN/sz1L5GHbOUHAapUu0BX0ElmMabLTgBN7NtGiAFT7bC4xSOSahyb9or1RDRvMkDhg==\"\n}",
					"options": {
						"raw": {
							"language": "json"
						}
					}
				},
				"url": {
					"raw": "http://localhost:5000/usuario-seguro/dato-descifrado",
					"protocol": "http",
					"host": [
						"localhost"
					],
					"port": "5000",
					"path": [
						"usuario-seguro",
						"dato-descifrado"
					]
				}
			},
			"response": []
		}
	]
}